Id,abs_title_sentiment_polarity
1,0.15533805949088625
2,0.15872589231359555
3,0.15975147967603626
4,0.15360180783918148
5,0.15420731583932956
6,0.15511947202820953
7,0.1498024069738451
8,0.15638426530513255
9,0.15718194330215648
10,0.15867497572903985
11,0.1580438253014052
12,0.15826113810884565
13,0.1121394943155224
14,0.15511431262399686
15,0.14172130768851526
16,0.15728485823155935
17,0.16206508975900444
18,0.14715005706256834
19,0.15759315290310966
20,0.16404370990528422
21,0.1576611875920368
22,0.1110040988709064
23,0.1115264607624626
24,0.16308685323916275
25,0.1120018336966188
26,0.1598179690030175
27,0.15945113955283796
28,0.16514504190347165
29,0.14511954882831468
30,0.1414941041664737
31,0.15473557895055298
32,0.16235880007251596
33,0.14318517689654714
34,0.15651787737157916
35,0.15938293287015826
36,0.15695855476456547
37,0.15614869490936326
38,0.1446046675574751
39,0.15539269276868448
40,0.15513616201918493
41,0.11000688721461542
42,0.1602088955146776
43,0.16012304866941346
44,0.16138710970634618
45,0.16403775258488787
46,0.1611327558641267
47,0.15649220865699645
48,0.16325256409953742
49,0.1584659325905244
50,0.15600168820023685
51,0.15600432128851885
52,0.15898639912115184
53,0.1592269127736479
54,0.14382087885844905
55,0.15825402480359158
56,0.15698646790555051
57,0.15364704988522634
58,0.1613912170891512
59,0.16080500418496785
60,0.15527921356504518
61,0.15730396622081064
62,0.15446844227481288
63,0.15678405980701285
64,0.17736143161251375
65,0.14315694994247366
66,0.15660803628552394
67,0.1562524676143362
68,0.15791963007640247
69,0.15839489729232414
70,0.16680823396095945
71,0.15783385737964448
72,0.14506762553293118
73,0.15793040538534814
74,0.1628583914816119
75,0.1567345687825776
76,0.1640747764778503
77,0.15712747852391354
78,0.15960188741835962
79,0.1581028611321273
80,0.14624417746486856
81,0.1737084717023974
82,0.1585288529571548
83,0.14786772470699452
84,0.15671753717227224
85,0.16276599868428612
86,0.16231959738104648
87,0.16018349971549206
88,0.15963341384573826
89,0.15648023569506014
90,0.15536203878411028
91,0.1594860903435026
92,0.15464056130857912
93,0.16297594507930696
94,0.15747503662411108
95,0.16025690371027287
96,0.16131035891790715
97,0.14709734235749874
98,0.1518712180022147
99,0.16565200893442772
100,0.10981847597791056
101,0.15455995055766086
102,0.16028782466203084
103,0.15850306033823194
104,0.15955469153332796
105,0.16778275288876815
106,0.15500320886197022
107,0.1651480974783005
108,0.1627263535405771
109,0.1490995602922481
110,0.15870470034631012
111,0.1570981039755912
112,0.15750305365670592
113,0.1642295213888912
114,0.15720571218015994
115,0.1431040219298469
116,0.16194702063882285
117,0.159090860082464
118,0.15502231640582825
119,0.147850614546657
120,0.16087574374739969
121,0.14977912275477592
122,0.15615029136545805
123,0.156869837864311
124,0.1575195333835883
125,0.16264826136773594
126,0.16548920827598235
127,0.1559799143753377
128,0.1597877810233138
129,0.15475528406734226
130,0.16191139802087465
131,0.16157951880936536
132,0.15446277051922064
133,0.1561098487047066
134,0.1602999373430711
135,0.15838173459548674
136,0.15777117428526266
137,0.16238419740490487
138,0.1628082777768864
139,0.1578584038483731
140,0.1559835859117475
141,0.1546989871907797
142,0.161559982268001
143,0.15815308565343328
144,0.11104027518760426
145,0.15709071753100726
146,0.14805113991693056
147,0.14353354591187584
148,0.15717298706283478
149,0.1571391647626041
150,0.10934859797221798
151,0.1620351623372225
152,0.14217317214084968
153,0.1629307469948752
154,0.15628479543085186
155,0.16422489189394635
156,0.1568089911504554
157,0.1647263362088057
158,0.15528684000043813
159,0.1570394386834035
160,0.15014887025285728
161,0.15682944458458095
162,0.1596196194258986
163,0.157831784601066
164,0.16210101207196828
165,0.15822396187246554
166,0.15809136036734608
167,0.15030083285082027
168,0.11099702297771273
169,0.16087359010806113
170,0.16747430538014954
171,0.15871252244025733
172,0.15547207478702896
173,0.15912803961699967
174,0.15499644775562402
175,0.1580789021799082
176,0.1568660028220912
177,0.1639311026104355
178,0.1589742274951927
179,0.1101460137412754
180,0.14801918826996216
181,0.14976913200297545
182,0.11143199168906012
183,0.1569702086757762
184,0.14769599766054606
185,0.14837913570798505
186,0.15140125630502513
187,0.16321795180077744
188,0.1592830261722452
189,0.1576469004311215
190,0.1563836005670416
191,0.1433297844079803
192,0.15869641068707382
193,0.16709110946343547
194,0.15479438722607794
195,0.15766396572571004
196,0.16759345005705908
197,0.1561949175114538
198,0.1425555431868036
199,0.14360673665551624
200,0.1416394767919771
201,0.14465831891155795
202,0.1627259542312798
203,0.14639842631547784
204,0.15630147540959186
205,0.162042311618823
206,0.14533764589472034
207,0.15569221057973406
208,0.14556974959049118
209,0.1627149251610693
210,0.1111269928571096
211,0.1601875016377836
212,0.1590488872919265
213,0.1555195507127983
214,0.1658276509893714
215,0.1111301653177725
216,0.15530641622753286
217,0.1604803246237206
218,0.16025293558262876
219,0.1618610083993646
220,0.16127726936126252
221,0.15623115588873818
222,0.1624409212308695
223,0.14707758143061106
224,0.15670387731312335
225,0.16529924634541104
226,0.1549149001510923
227,0.15937395011889344
228,0.16111144761417467
229,0.14748760802100738
230,0.16159958743060518
231,0.16171883759694805
232,0.15863426598013594
233,0.16170074541230942
234,0.1414145714003393
235,0.157641610342812
236,0.15765185305698953
237,0.111422591328044
238,0.15584410350182262
239,0.15570377834866092
240,0.15752784423382368
241,0.16013448251538487
242,0.1545770698624553
243,0.1566144705305565
244,0.148493778399389
245,0.15466676060499246
246,0.16066329722847542
247,0.15497174011211198
248,0.15500709536808632
249,0.15985368484920676
250,0.15826315629922294
251,0.16491118163718374
252,0.1630204482852108
253,0.16370188061226765
254,0.15935592370074886
255,0.11221350142060184
256,0.14719795119029386
257,0.15387030226080484
258,0.11005144450106502
259,0.16421331874434053
260,0.16029831912674555
261,0.1578146280942678
262,0.1536913074840851
263,0.16096029642407386
264,0.15635555202813567
265,0.1643622576199264
266,0.111504539552906
267,0.1562115068836846
268,0.16062012700818054
269,0.1460305877350332
270,0.15872894268336174
271,0.16573963041012466
272,0.15696540113389607
273,0.15489474587866195
274,0.15724957057436587
275,0.14182728861023636
276,0.15728817501442852
277,0.14566984682930656
278,0.14872605805574346
279,0.15827342045533271
280,0.15853892363752192
281,0.16013250303386725
282,0.14295453194463892
283,0.1595778565037091
284,0.15452361849652466
285,0.14769235058731892
286,0.1568253801003843
287,0.1626363734672178
288,0.17039077902678615
289,0.15552441563443328
290,0.16061810391624018
291,0.1602215773578254
292,0.15557704970128253
293,0.16405469404736792
294,0.15313498842193027
295,0.15591006059310553
296,0.162791822867133
297,0.1624259069404432
298,0.15938930670485466
299,0.15720294238979532
300,0.11065597752401522
301,0.15616430427720365
302,0.11105774598000732
303,0.157158627296634
304,0.14590260314432124
305,0.15693126693295575
306,0.1525464572625133
307,0.1579625061757509
308,0.15653387345677525
309,0.11098282510441804
310,0.1614518013440308
311,0.15664589532275688
312,0.11009416937545377
313,0.16819039982351644
314,0.1571349468943844
315,0.1656333914622441
316,0.1561835066603156
317,0.15622993792824427
318,0.15951349934775638
319,0.14932473095825147
320,0.15557961314676275
321,0.11104663782606118
322,0.16333370319938725
323,0.15885503990279135
324,0.16157443288521198
325,0.1571116550942208
326,0.15513351641214698
327,0.14156895043542092
328,0.1111210531477032
329,0.11122358361798806
330,0.14694321903310664
331,0.1608119206450854
332,0.14177075075787934
333,0.1604110403107959
334,0.163967422676553
335,0.15860859317876227
336,0.1628879601919751
337,0.1566382686415064
338,0.1573480114777303
339,0.14496880118722513
340,0.15796976064410725
341,0.15728930771642746
342,0.15945872106632114
343,0.14192049061650533
344,0.10990281984450193
345,0.1547254496899814
346,0.15521204218965395
347,0.15538931329231442
348,0.15499878394931935
349,0.1118046545635748
350,0.14568444475874542
351,0.15944121180065135
352,0.15626269821397534
353,0.15525138327822818
354,0.1614691306069286
355,0.1582834981325485
356,0.15460080961516218
357,0.1548805695531727
358,0.1487358745760547
359,0.14531310880153325
360,0.16668986549019274
361,0.15990197294000094
362,0.16346552602805692
363,0.14324241001189328
364,0.15589182571271293
365,0.1571720957370053
366,0.1591869699133605
367,0.15665116897964998
368,0.14528627665404334
369,0.16236962489045226
370,0.14856987610551847
371,0.16115370699450454
372,0.1621895400487873
373,0.15751370086111915
374,0.16794710139256494
375,0.1612028962264437
376,0.1655382750382435
377,0.16570716614471367
378,0.16333158862091635
379,0.15775440044369374
380,0.15530271465804074
381,0.1620290723708348
382,0.15632191968617928
383,0.16440910731885328
384,0.16159434848026868
385,0.1635174593971559
386,0.16527761130014398
387,0.16035917675955294
388,0.1657512638846466
389,0.1560401974049224
390,0.1538469494654003
391,0.15588945790638378
392,0.10940649179879612
393,0.10982912952730478
394,0.15833827080499507
395,0.17364719050444913
396,0.1561065859004195
397,0.1472733004823836
398,0.1595625833664293
399,0.16400258485813055
400,0.15680115007855008
401,0.1096823004972362
402,0.1626829986695099
403,0.1584152752108941
404,0.1577721109868851
405,0.15637901247449226
406,0.15779101627589914
407,0.14244182183014573
408,0.15963404204709006
409,0.15109916163631304
410,0.1616460224369663
411,0.15957931430041744
412,0.15664488558645656
413,0.15629604734675442
414,0.10835247741917316
415,0.15309360964032573
416,0.16132684130158018
417,0.15484897257223548
418,0.15562522606315682
419,0.1555403752977754
420,0.15779140507221034
421,0.1632058824737088
422,0.16005152807242082
423,0.15487557460511894
424,0.15809219864146326
425,0.16053173134270687
426,0.1563929463577378
427,0.15792569352628805
428,0.14197797398236242
429,0.15440873572852334
430,0.15851403334760128
431,0.15991207696864024
432,0.15906783005919595
433,0.14827394984833456
434,0.16611180456538024
435,0.14252726124939022
436,0.16479441736140715
437,0.15689214741049984
438,0.14537067733200626
439,0.15763810475883538
440,0.1635549282067192
441,0.15188885262359025
442,0.16063800449655993
443,0.15402471978466736
444,0.1599699994487619
445,0.15431340492872903
446,0.15417211121306712
447,0.11011647101507384
448,0.15772471222131948
449,0.15538423868821527
450,0.15658192217221956
451,0.16408290339405945
452,0.1640093267212006
453,0.16691902808544432
454,0.16794656745721856
455,0.16325431755405598
456,0.15695782555693974
457,0.16536784770934768
458,0.14938431189702325
459,0.1563660268312589
460,0.14730842285046
461,0.15969573943535015
462,0.15885104402624828
463,0.154690826369727
464,0.16057604083120286
465,0.16850179609419474
466,0.15534015737968002
467,0.1565148725846638
468,0.14581702686838716
469,0.15981166893014906
470,0.15849117650894454
471,0.15622222799124022
472,0.1564088000306492
473,0.15460847558587495
474,0.1664960888856478
475,0.1618996123106608
476,0.16178678152107814
477,0.15987486216551425
478,0.15671551404095968
479,0.14717622600423602
480,0.1593087186886739
481,0.158466879638726
482,0.11095760181782977
483,0.15683741340458918
484,0.16681023221455
485,0.15550372408916627
486,0.14602564390192685
487,0.15473554045678928
488,0.1582446008109367
489,0.10920146847303576
490,0.15683648352986235
491,0.16387660369664514
492,0.15673681523621186
493,0.14838696353211162
494,0.15806307235183312
495,0.1546092479765199
496,0.158436754133888
497,0.14675479074058131
498,0.15379000078239102
499,0.15615386186353095
500,0.15471959390382894
501,0.15730807028043062
502,0.15769091320288164
503,0.15648522706949974
504,0.1553933592907809
505,0.1489299378548423
506,0.1567983899249976
507,0.16087012367959425
508,0.1586511842162841
509,0.14128862016092572
510,0.11116035482719523
511,0.16056348436407974
512,0.15828590594932604
513,0.16067735728602606
514,0.1561166714924036
515,0.15725547545824295
516,0.15511206962163115
517,0.1631195000230607
518,0.15752214737114106
519,0.15796320859322044
520,0.15532648897253268
521,0.1416026935554169
522,0.1586743103244131
523,0.1540849254452435
524,0.15113139848183835
525,0.15810578249469906
526,0.1125354031410404
527,0.1464143025921933
528,0.1562943479420044
529,0.1570774148929224
530,0.16162730126806113
531,0.16599186793894327
532,0.15536979060441014
533,0.15911029619666586
534,0.1615274886121124
535,0.16112530031257136
536,0.15836668890305972
537,0.1589362412168012
538,0.15789696516071786
539,0.11013838370546394
540,0.17083337402782695
541,0.1598671763656028
542,0.16809772583503407
543,0.1555484875073589
544,0.1628495944332128
545,0.15725134126324755
546,0.1582735808049067
547,0.1553728644900989
548,0.16068444556763756
549,0.15574051866805094
550,0.16050294333555085
551,0.1590011832393836
552,0.16092854628138062
553,0.1580867796947899
554,0.14973024043179106
555,0.16452403051240316
556,0.1530148418283335
557,0.14703025230157202
558,0.17301701426322716
559,0.1581035089321061
560,0.16003309517596026
561,0.15737385680735394
562,0.15526537770323826
563,0.1655175292585792
564,0.14670709050949932
565,0.11225820127559873
566,0.15644239172217686
567,0.1583707336053896
568,0.15698002123213087
569,0.16694683491251852
570,0.14714270509521546
571,0.1625822787116074
572,0.1596739686581794
573,0.1461514554671259
574,0.1586325847997247
575,0.16039101819282853
576,0.1107737096420702
577,0.15543911952387995
578,0.15807128571226978
579,0.15904264063970952
580,0.14792486350388606
581,0.11118623246489304
582,0.16302342325809366
583,0.1580031133226188
584,0.14795029833057005
585,0.14725074839130894
586,0.14836314930790248
587,0.16024491490627046
588,0.14864570211749956
589,0.1588766695673207
590,0.16390158583076905
591,0.1568347548952729
592,0.15519957877927176
593,0.16205447344722546
594,0.15320739216296886
595,0.14483846202618955
596,0.1601835142335606
597,0.14226710201860118
598,0.10990326683489557
599,0.1628599294981473
600,0.14283112539028806
601,0.11233384347605968
602,0.1613490961784708
603,0.16109359640887844
604,0.1603308968530854
605,0.1559922948237749
606,0.14378542876299072
607,0.15632845478119675
608,0.14112072761275846
609,0.1598927312058749
610,0.1433040956098712
611,0.15589170786741216
612,0.1572377537447954
613,0.15771169113554176
614,0.16304914287774847
615,0.14839931417429544
616,0.15048353656545926
617,0.15970095279467236
618,0.15892910538831048
619,0.15688383726866478
620,0.15477622495456614
621,0.15878862892186138
622,0.1562529280926887
623,0.16035827392062116
624,0.14449246181136974
625,0.1575578688424984
626,0.15596381062074294
627,0.1538562518614035
628,0.1550687134330663
629,0.16011573634895052
630,0.16281789258089802
631,0.15705279119424453
632,0.14667314568879802
633,0.1472165145257644
634,0.14367458442389178
635,0.1558254321036684
636,0.15665840884957988
637,0.16217038731013567
638,0.162438287518439
639,0.16740687292921325
640,0.1614906684614458
641,0.15766113910208795
642,0.15144979028312627
643,0.15841143700913407
644,0.15903052532793951
645,0.15540963088283896
646,0.15833041420529012
647,0.15166215453762733
648,0.15329426602176438
649,0.16762062911759992
650,0.15969044122959838
651,0.11059498023863523
652,0.1572041564700149
653,0.15883129952464442
654,0.1459536002787674
655,0.15647405089858402
656,0.15000235744234566
657,0.16200353967477793
658,0.15896135619571322
659,0.1551093054827196
660,0.15398421215385255
661,0.14535203139852246
662,0.17171018782005246
663,0.16049833135934458
664,0.1110564377515202
665,0.15535882713655758
666,0.16613327850797238
667,0.16375229537457894
668,0.1507161837400501
669,0.11114318907030962
670,0.16261336529020956
671,0.15872445198715104
672,0.15143985425892004
673,0.14637869418500418
674,0.1655673835848777
675,0.15683695448945895
676,0.160754344816069
677,0.1591896620729024
678,0.16724598575718394
679,0.15752597623407585
680,0.17401011422304158
681,0.17206292025901354
682,0.1583935116804419
683,0.15495489114201308
684,0.16013048760178733
685,0.15900997746406972
686,0.15561804492276116
687,0.1099598995771576
688,0.15364346531986722
689,0.1454085391701859
690,0.15450852011037705
691,0.16318192393067033
692,0.11117241908731196
693,0.1583834051437137
694,0.1554663342098822
695,0.15443296263544573
696,0.1566158293325961
697,0.1631544353649123
698,0.1593860849283879
699,0.15919379452537175
700,0.15013248127769746
701,0.14672603030730555
702,0.15881947759687826
703,0.15735961793446845
704,0.14255408798859412
705,0.16369788076999653
706,0.15785570916919314
707,0.15686839240999165
708,0.15586634494566254
709,0.16425835900184865
710,0.1604351584072256
711,0.16579090244904918
712,0.15837687553683152
713,0.16253701417146188
714,0.1687073542567725
715,0.16009938573493196
716,0.15856324784690234
717,0.15664071219498546
718,0.16657436859177266
719,0.1465015996577854
720,0.15637813277948825
721,0.15962118117701396
722,0.17566496864202
723,0.15673212761580538
724,0.14599066377210956
725,0.15842615593475512
726,0.15650054378008196
727,0.16218952010525506
728,0.1545001082248255
729,0.15639077344157573
730,0.16301285916271688
731,0.14168740952627398
732,0.16068551258141842
733,0.16754632651388313
734,0.15649882175883756
735,0.15904423573124102
736,0.15976921020511906
737,0.15577090277941796
738,0.15543371202262865
739,0.15611399040976887
740,0.1597199209741191
741,0.15812578095005222
742,0.1638087825525034
743,0.15964114013363306
744,0.14917417393280116
745,0.11106611270717333
746,0.15758662076768926
747,0.1552039503847172
748,0.16094146353699265
749,0.16358983066315688
750,0.15840142429790294
751,0.16227457226151082
752,0.14424307617975998
753,0.15540438642267734
754,0.14993929587304533
755,0.15706246419496964
756,0.1113500569167091
757,0.15640988646366116
758,0.15763572311670548
759,0.16665127078349193
760,0.14762730996437853
761,0.15617942956646844
762,0.1539865091920311
763,0.1560484465952896
764,0.1686054983782877
765,0.143044872422266
766,0.159873512523713
767,0.1581170700134437
768,0.17158519137238534
769,0.11083458806487262
770,0.14545414888345062
771,0.16747822707878698
772,0.16779810730096847
773,0.17741450397919245
774,0.1615816268077058
775,0.1620011334946952
776,0.15953150324247167
777,0.1595961391679801
778,0.15481992418417045
779,0.15699987790787331
780,0.16109244667839878
781,0.16088568856925708
782,0.1571799356665086
783,0.1561385047483569
784,0.15883318971604654
785,0.16327508743598315
786,0.1587550454552784
787,0.15672928034801412
788,0.14751954088468838
789,0.14357459833657155
790,0.14537832754213711
791,0.16041025992420205
792,0.1572046144170294
793,0.15902027169489996
794,0.10985264433591632
795,0.14358831249836107
796,0.11192906921742962
797,0.15691653319617438
798,0.15946355338616536
799,0.15718325288875656
800,0.14780445844156365
801,0.15743336949319248
802,0.16210035947098966
803,0.1555270871623299
804,0.16410676561387802
805,0.16640034558622008
806,0.15716216046256454
807,0.1582629829189464
808,0.15583630664339546
809,0.15826307993728192
810,0.15705513923285294
811,0.15827625702314535
812,0.1571963944702353
813,0.1430412401456321
814,0.1650254104791581
815,0.14525826144138945
816,0.14314065153645267
817,0.16089940678547435
818,0.14612612702046682
819,0.15830031517973106
820,0.16270004578291708
821,0.16503890628181014
822,0.16557512629170193
823,0.15439446799397116
824,0.15591650363534088
825,0.15533805149799565
826,0.15799234608190973
827,0.16038138218231948
828,0.16807432832872812
829,0.11017179576399776
830,0.158709912528081
831,0.15731923200674414
832,0.15514690268500742
833,0.1108313619321764
834,0.1651904895655135
835,0.16090847368763625
836,0.15720132013590518
837,0.1463784217691392
838,0.15435236612366945
839,0.16233962171150473
840,0.15722486487511775
841,0.158409034885211
842,0.15883881174496975
843,0.15567287707106675
844,0.15331044965998536
845,0.1583977450166491
846,0.15529403720981222
847,0.16680829411107778
848,0.1505137304186185
849,0.1098544917699884
850,0.15649440246466578
851,0.1644076128890136
852,0.14745970606273576
853,0.11088320926710067
854,0.1412375032911981
855,0.16009244198430395
856,0.16066413903687948
857,0.15981320322078196
858,0.16564910819981024
859,0.1653106552454804
860,0.1596308941096388
861,0.16156995943919608
862,0.15959707589566385
863,0.16019358175266335
864,0.15695102264992652
865,0.1600499238437807
866,0.15769844465441202
867,0.1567710046805926
868,0.15645892979870685
869,0.1101734124709952
870,0.16047897979984493
871,0.15657605136599614
872,0.15882920864147826
873,0.16191032587452928
874,0.16141670808034855
875,0.16384379556460207
876,0.1102057986380053
877,0.14633940117053695
878,0.15363366392384098
879,0.1618476331417713
880,0.1203090002018246
881,0.1591783177772588
882,0.15756016357175895
883,0.16391100292641064
884,0.15762525328289306
885,0.16067104261536613
886,0.15813048891899242
887,0.16896868392749112
888,0.1567276577721097
889,0.1604182706088047
890,0.10991059109758618
891,0.1458303508394746
892,0.15883565192438118
893,0.15621632431970867
894,0.16146275932078946
895,0.1588042340091832
896,0.1551041293698706
897,0.15866550166416096
898,0.1557282864899893
899,0.15511592690804826
900,0.11002615129301846
901,0.11195702854854242
902,0.16063228645436275
903,0.15671875731407808
904,0.15596382015948065
905,0.15922710869741422
906,0.1478776852844076
907,0.16238673112438426
908,0.15588620840268852
909,0.1498026886137745
910,0.15782324559692887
911,0.15141618419214925
912,0.1662656001417925
913,0.15883516628235236
914,0.1603185087915783
915,0.15701158239934473
916,0.15600220632384248
917,0.15840253969791265
918,0.15889958008841934
919,0.14423699665955134
920,0.11143805654313567
921,0.16359490241056124
922,0.1583559572107792
923,0.1543349871421388
924,0.11406647059844058
925,0.16199077993395275
926,0.15702861355339912
927,0.15743342189482193
928,0.15766091682692762
929,0.16407015810410586
930,0.1592014792117561
931,0.15907935161277667
932,0.11185697631360994
933,0.15651665755106192
934,0.16052086541804014
935,0.16053634970948955
936,0.11202625064963287
937,0.1599125232722405
938,0.14985987841884954
939,0.1583830267821654
940,0.15585388023965066
941,0.16504671839129406
942,0.1650696626453211
943,0.1572578430195637
944,0.15812309852138948
945,0.16354680757330473
946,0.15994536737776294
947,0.11120005639026104
948,0.14522564437120405
949,0.14761253776783656
950,0.1567750742016199
951,0.10925765096686198
952,0.15797818227789606
953,0.1563902586963224
954,0.15776576905880735
955,0.15747644724452234
956,0.11092497590945592
957,0.1446254693426957
958,0.1707047616419947
959,0.1572767067310574
960,0.1566949559501833
961,0.15873157005419294
962,0.15883373518247604
963,0.15519305873389433
964,0.15670159556504767
965,0.15507241427355825
966,0.16188348439821065
967,0.16207599651464474
968,0.1574099315879852
969,0.1551679569806144
970,0.11127627808840823
971,0.16008432916838294
972,0.160720647220677
973,0.1576952034796034
974,0.14574324027302696
975,0.15926433754488598
976,0.15544921730408565
977,0.11088948012395992
978,0.16765140452177127
979,0.16758219587444015
980,0.15805078172809875
981,0.11081718080449607
982,0.15800724419601664
983,0.141664130060105
984,0.1599882186842237
985,0.15886705559619094
986,0.15562740869915986
987,0.1561354893636971
988,0.14669005529671075
989,0.15645243144425264
990,0.15837433265213155
991,0.16371533003741692
992,0.15597676781617487
993,0.1580169546023902
994,0.16081739047579036
995,0.15888227301068905
996,0.1543496246241375
997,0.12127087725745432
998,0.16323053758971384
999,0.15926264708103116
1000,0.1551459275456141
1001,0.15724777936962964
1002,0.15773045235735075
1003,0.16057084028588356
1004,0.15569701762910584
1005,0.14715648220435812
1006,0.15794823242156608
1007,0.1551511412257998
1008,0.15460063410499433
1009,0.11070769655780607
1010,0.1595184758643783
1011,0.1584022367650819
1012,0.11139909038413852
1013,0.16031992559718836
1014,0.15520591152937355
1015,0.15387513627830185
1016,0.11122917781062457
1017,0.1541128487682136
1018,0.16055130398392864
1019,0.16261564287761662
1020,0.15003358645629333
1021,0.1110724197980433
1022,0.16093220150589152
1023,0.15773861476447992
1024,0.1655440487765083
1025,0.15871527414222286
1026,0.15688402588522304
1027,0.15682832744939296
1028,0.1562765970711974
1029,0.15961826843424134
1030,0.16141203402915194
1031,0.16703755599664186
1032,0.16618074949245742
1033,0.14266571473343168
1034,0.14243805630167056
1035,0.15893207233170206
1036,0.10667489766489184
1037,0.157907860189008
1038,0.16453368565300847
1039,0.16591454998409189
1040,0.10891369700057242
1041,0.16379139171307738
1042,0.14165169009400613
1043,0.16117780738951765
1044,0.15913117893455633
1045,0.1588660159858097
1046,0.16039110329208806
1047,0.16101992167175616
1048,0.14286825698977915
1049,0.16605721861873232
1050,0.15796671520085953
1051,0.1598110027357292
1052,0.10922758456501144
1053,0.1542334981087594
1054,0.15563326844209532
1055,0.1425250161132421
1056,0.16328722844716256
1057,0.15536307142644382
1058,0.15527145688561092
1059,0.165982302573427
1060,0.15688790838867367
1061,0.16011697130576685
1062,0.15742967278561115
1063,0.14265840860805545
1064,0.1588219230404805
1065,0.15525985957858554
1066,0.16081397570300954
1067,0.16307363631598493
1068,0.1551469995946913
1069,0.15874623369617952
1070,0.1663284277700966
1071,0.15668916644753594
1072,0.15624032711676228
1073,0.16150788031535845
1074,0.15676932911649144
1075,0.11190536698747036
1076,0.16447984261048246
1077,0.15773250816308354
1078,0.1687852177432612
1079,0.10928977201244412
1080,0.1574096176755352
1081,0.1102894835814047
1082,0.1564847856800726
1083,0.15978423633957453
1084,0.1623455007037993
1085,0.1680203955636822
1086,0.15822582388247206
1087,0.10968717771064132
1088,0.15566623256644727
1089,0.11116112803473012
1090,0.1608961631802828
1091,0.15497439458021864
1092,0.14850254939674173
1093,0.15787393475953945
1094,0.1558710934626734
1095,0.15678122142358986
1096,0.1578785316556961
1097,0.16352250526022855
1098,0.14139680589030745
1099,0.1474447663777628
1100,0.16803833154310358
1101,0.15602218872154006
1102,0.15618457036678626
1103,0.15545244472760125
1104,0.15517344779243364
1105,0.15578753843946344
1106,0.157639047116444
1107,0.11163046531979297
1108,0.1548973855392547
1109,0.15881586158266472
1110,0.1682209631062554
1111,0.1594250687388288
1112,0.16079589117073112
1113,0.15437216027337114
1114,0.16281265483000593
1115,0.1572459283775424
1116,0.1543399111099346
1117,0.15839846196876547
1118,0.161355066847794
1119,0.1548684810897069
1120,0.15769945382014078
1121,0.15509766895164834
1122,0.1107039695729216
1123,0.15649105001137614
1124,0.15990917940984253
1125,0.1661028147900346
1126,0.1577164157454349
1127,0.15494784838727013
1128,0.10775090047517684
1129,0.14635710812323574
1130,0.15109494642074786
1131,0.1605105208500256
1132,0.1622661605422352
1133,0.1558529392924159
1134,0.15878905956908426
1135,0.15488096670096976
1136,0.15971514349787527
1137,0.11127859943651912
1138,0.1583182494720362
1139,0.15527615726468907
1140,0.1587227898656949
1141,0.15698914386347682
1142,0.1553918008285761
1143,0.15926403320552673
1144,0.1610574901031054
1145,0.17361710136682915
1146,0.1566662745574725
1147,0.1562364333546264
1148,0.15543113522049434
1149,0.15576819822932755
1150,0.15749494426841856
1151,0.11114248976012656
1152,0.15339485632872518
1153,0.14315810234717807
1154,0.11143711696608434
1155,0.15511412327938298
1156,0.15570495821346347
1157,0.15618212451045774
1158,0.15703725364977353
1159,0.15795088714850278
1160,0.16040177527726845
1161,0.14761544524124595
1162,0.16616655595397606
1163,0.15697903117234138
1164,0.10903847297048062
1165,0.15795973099560745
1166,0.14680526786788484
1167,0.15904220728778667
1168,0.15631307233122976
1169,0.15524115161016053
1170,0.1588617670293427
1171,0.15616090045104294
1172,0.15992544565121022
1173,0.14654894426441614
1174,0.159780320750619
1175,0.15829302641774765
1176,0.15878589470815022
1177,0.16542064070490614
1178,0.1571498962461276
1179,0.16659756808173054
1180,0.1595253512582374
1181,0.15593725230214692
1182,0.16368845998492915
1183,0.15768352359844431
1184,0.1567581760362838
1185,0.15713637643556946
1186,0.15899634267423293
1187,0.15740466869763178
1188,0.14870428566132987
1189,0.15830614080896238
1190,0.1625999376509703
1191,0.15439152166568398
1192,0.16049528938215485
1193,0.16404643430701768
1194,0.1568676373069208
1195,0.17371380149628088
1196,0.11145809033595433
1197,0.15689254192040694
1198,0.15972997037494824
1199,0.1586254550462512
1200,0.14239647913220674
1201,0.15804274691905276
1202,0.15816617388046628
1203,0.1561648807449392
1204,0.15765134926921598
1205,0.16431589942930994
1206,0.15879052702314628
1207,0.15816136454379115
1208,0.1558556034728473
1209,0.16240068066708407
1210,0.14701102131394794
1211,0.16281884008242573
1212,0.15982815873079576
1213,0.15552008698022274
1214,0.16338709991105468
1215,0.15632220522924425
1216,0.1556215255513483
1217,0.14562960949280584
1218,0.15259600092393175
1219,0.1556699240539854
1220,0.15414897692561771
1221,0.15521617688562947
1222,0.15686225663178566
1223,0.16092979471261998
1224,0.15710352143392395
1225,0.15725219634445886
1226,0.16596649905616764
1227,0.16251602958425745
1228,0.1594986801885954
1229,0.15782604086533902
1230,0.1561921097346085
1231,0.14380318939225006
1232,0.16540479539193004
1233,0.15711502174329672
1234,0.11008146497435717
1235,0.16292136063211093
1236,0.16611738681698052
1237,0.11227769457158668
1238,0.16245876039284207
1239,0.14536513425681102
1240,0.15712069416610994
1241,0.1544281169503255
1242,0.17113238344424692
1243,0.1592035235426285
1244,0.14192013506240228
1245,0.1606314850802923
1246,0.1516859969649542
1247,0.15749910628186947
1248,0.11010769513184918
1249,0.1467900240298996
1250,0.15991144020215162
1251,0.1460806925923614
1252,0.16311687866511235
1253,0.1100455676362579
1254,0.1635055533223107
1255,0.15597726063786616
1256,0.11016890785001544
1257,0.15565381745699772
1258,0.14752269325311088
1259,0.11119405274900013
1260,0.1558590084005165
1261,0.15552074412224373
1262,0.16144874839592244
1263,0.15736034269285332
1264,0.15807676553593886
1265,0.15621639047684638
1266,0.15795276983277373
1267,0.10991047123826142
1268,0.1593716736758148
1269,0.16211010890891428
1270,0.10927021332310198
1271,0.11138367761297252
1272,0.14729514498381036
1273,0.16928424163110606
1274,0.1645172001528357
1275,0.1580516471849037
1276,0.1594664182014818
1277,0.14211786903736146
1278,0.15108552395810246
1279,0.16011468980469382
1280,0.1475396827259714
1281,0.16024657881498658
1282,0.14612729220046392
1283,0.1586170107441191
1284,0.1606729483110007
1285,0.11015305096679892
1286,0.16539213400130018
1287,0.16252582195133222
1288,0.15993528885826874
1289,0.16159821413327022
1290,0.15484001341816295
1291,0.15088353151962142
1292,0.15495777249650153
1293,0.15781187593043358
1294,0.15890757969950434
1295,0.14282066262196674
1296,0.15622681833589874
1297,0.1576363050937621
1298,0.1577073939887711
1299,0.15657628907090054
1300,0.1638608533796583
1301,0.1610093845133002
1302,0.1559941879050957
1303,0.1575767415906044
1304,0.10978873442790447
1305,0.14700585705533872
1306,0.155643507217767
1307,0.16140958933925825
1308,0.1541275752566003
1309,0.14643185728611835
1310,0.1569926826064748
1311,0.16287370168886275
1312,0.1548583257787081
1313,0.157859837517157
1314,0.15622674029327213
1315,0.1604925633526546
1316,0.14571912545987806
1317,0.15540390433383028
1318,0.15886213011187125
1319,0.15654677928217234
1320,0.16449614341992036
1321,0.15568659889816114
1322,0.1474116376781121
1323,0.16239963731870247
1324,0.1589728341752363
1325,0.1557807916317659
1326,0.15843964498746144
1327,0.15771331640999608
1328,0.1510122950571525
1329,0.15594623262358148
1330,0.11205762573934877
1331,0.157727546061004
1332,0.10970462240382964
1333,0.11127356989434596
1334,0.16075536179720215
1335,0.11008292420273726
1336,0.14988408215441898
1337,0.15587279073382584
1338,0.1584244846981018
1339,0.14849739113280586
1340,0.16119841374853933
1341,0.15758772506764768
1342,0.15978169415084473
1343,0.16060758350705326
1344,0.1573031666484407
1345,0.1773636794214708
1346,0.15825451352538294
1347,0.14868507258519567
1348,0.1077454051789589
1349,0.15720711745445873
1350,0.16156451719984471
1351,0.15958328570673538
1352,0.1549195959479918
1353,0.1580437070681139
1354,0.16758060425175111
1355,0.15622215966866204
1356,0.15583763744304185
1357,0.1553026508699562
1358,0.1588660899617514
1359,0.17597452120706952
1360,0.15766238614540898
1361,0.16329221859966464
1362,0.16018754454272865
1363,0.1567186950776965
1364,0.15986686670553074
1365,0.1551786824187936
1366,0.15849244694069836
1367,0.1585742712501056
1368,0.10932720956459227
1369,0.1549381939491261
1370,0.14247815907478675
1371,0.1548055567921993
1372,0.16012800177741535
1373,0.1547811009624529
1374,0.16437207190576889
1375,0.15556301685108004
1376,0.1569879945953116
1377,0.16403304490838352
1378,0.1659192494778382
1379,0.1107856015345008
1380,0.15576716992625353
1381,0.15561703670505472
1382,0.15877940444229074
1383,0.15615850826139255
1384,0.15825413664719382
1385,0.15594589627127164
1386,0.11113519973622528
1387,0.1620951200983813
1388,0.15773389685196032
1389,0.15660051896542276
1390,0.15468268785575248
1391,0.16733956032281616
1392,0.1559514118719221
1393,0.16002659378920894
1394,0.15737073724794898
1395,0.1634147532165107
1396,0.16038566892239106
1397,0.1651508383098687
1398,0.14281908757825776
1399,0.15432944901477072
1400,0.15875404507368124
1401,0.1557313261146652
1402,0.16360187749738428
1403,0.1585320286465802
1404,0.16584919215662286
1405,0.16039613423015062
1406,0.14882221083739713
1407,0.1566129602189931
1408,0.14971750298977912
1409,0.15338794409012796
1410,0.15527213845283402
1411,0.16231695384689268
1412,0.15608574367643022
1413,0.15908204172387666
1414,0.15845208702512176
1415,0.15646777766518224
1416,0.15914446138243102
1417,0.15944056603444198
1418,0.14783487672305515
1419,0.1628739393160538
1420,0.15619822863456895
1421,0.15986882668937286
1422,0.16252015752292193
1423,0.15955388647018615
1424,0.11167046719633712
1425,0.16397383537756707
1426,0.15597428737203264
1427,0.10835839255227016
1428,0.16152656405947596
1429,0.15724348880204486
1430,0.15589619174622069
1431,0.1435992787046433
1432,0.15470261440432528
1433,0.14794963348760493
1434,0.157789922107203
1435,0.10938163073866834
1436,0.15758764374157205
1437,0.16157775095618904
1438,0.15873472765466054
1439,0.15744313672539534
1440,0.1117642709851669
1441,0.10667927664201517
1442,0.1673023991375608
1443,0.1618553368409922
1444,0.16367556398253344
1445,0.14417656003198556
1446,0.15579880509253866
1447,0.15853991245004978
1448,0.1581219513629161
1449,0.1583072116597277
1450,0.15872830768629922
1451,0.15931370686863053
1452,0.14506115971907896
1453,0.15878554156681793
1454,0.1546887219795035
1455,0.1619776281546128
1456,0.155983957184915
1457,0.15539827210892754
1458,0.155671375249385
1459,0.1562276411658262
1460,0.15488085097629636
1461,0.15498345006995445
1462,0.1628396373631539
1463,0.15688016343969566
1464,0.1658048481436342
1465,0.1524749997564064
1466,0.16117216793567665
1467,0.14913761146158613
1468,0.15606694859512174
1469,0.16307606003026712
1470,0.11119098622881547
1471,0.16624302331783128
1472,0.1469866795089605
1473,0.15621905428360985
1474,0.16720559384167702
1475,0.1596186476191006
1476,0.1437221228876703
1477,0.1645643214282257
1478,0.1473212579236799
1479,0.1565486833122011
1480,0.1550451595467644
1481,0.15617212720091914
1482,0.11226070997903097
1483,0.11089796895065804
1484,0.1546945554604234
1485,0.16015195068213606
1486,0.15575490917265358
1487,0.15908831312766186
1488,0.1493487627349109
1489,0.15732541506627795
1490,0.15941049263544396
1491,0.1468544285868193
1492,0.16266514486209313
1493,0.16269100534233458
1494,0.1573790637095792
1495,0.15628237965054767
1496,0.10984358948237533
1497,0.15652076604249934
1498,0.15762659285620534
1499,0.16084360099719108
1500,0.15491075017312306
1501,0.16197019823545356
1502,0.15855021779307882
1503,0.166015926891076
1504,0.15907049670100634
1505,0.1549693755375936
1506,0.1555189488338237
1507,0.1672944437126407
1508,0.15773095128998804
1509,0.15921376667688505
1510,0.15455385260405285
1511,0.15612760282295712
1512,0.16713838388221622
1513,0.15341542323389912
1514,0.14265495524392252
1515,0.1593256758975573
1516,0.15702130288372218
1517,0.11271471403551953
1518,0.15746600170257702
1519,0.1569771277655945
1520,0.1456108566916404
1521,0.15391735310261312
1522,0.16632271508283664
1523,0.15674906920535953
1524,0.16006641247671882
1525,0.15677496564808974
1526,0.16315936825328084
1527,0.16279559428236287
1528,0.1473021403547984
1529,0.15738483970871175
1530,0.1636321488413295
1531,0.16251432147384204
1532,0.15471270109618418
1533,0.1596718217893495
1534,0.16229506793604873
1535,0.16491767637003726
1536,0.1520481906052013
1537,0.1477262560257527
1538,0.15735320123641722
1539,0.16335461029824375
1540,0.16558283428463175
1541,0.10939466385884038
1542,0.1621301118361474
1543,0.16243452089852228
1544,0.15726825739995348
1545,0.15962034675192044
1546,0.16324066649561764
1547,0.16110102133104978
1548,0.16230418041764313
1549,0.1101042914080924
1550,0.168035564820271
1551,0.15951134076406887
1552,0.15868051573795405
1553,0.15859766578255136
1554,0.15773353525386974
1555,0.15603365347810635
1556,0.15441829739228358
1557,0.1603308002545335
1558,0.15793738697328055
1559,0.15811406395809793
1560,0.16519152284131472
1561,0.1545062354698832
1562,0.15776783409863165
1563,0.15652003198416325
1564,0.15770111158856506
1565,0.14399273846884472
1566,0.15715903341791285
1567,0.16337620149562193
1568,0.15971588840765266
1569,0.1112799656549384
1570,0.16678486076163496
1571,0.17364456131948408
1572,0.15605748329578092
1573,0.14782869286681366
1574,0.1118411831497204
1575,0.15881449239581372
1576,0.1586590926474032
1577,0.11177657597730964
1578,0.15884262650674652
1579,0.1573713258938004
1580,0.15742223665515265
1581,0.14235070893176216
1582,0.1495898975880263
1583,0.1509427195912555
1584,0.11009707125580216
1585,0.16990193537784867
1586,0.14641135602022187
1587,0.16206636996746418
1588,0.15405958228082556
1589,0.14621581274151774
1590,0.15678896917627388
1591,0.15675420870532827
1592,0.16371357511457227
1593,0.1579772907691199
1594,0.14735430559827442
1595,0.15879768803898686
1596,0.1602667348744292
1597,0.15445544142976605
1598,0.11101017282275176
1599,0.16054704957189406
1600,0.16039420066049545
1601,0.15837541781589787
1602,0.15715984633492672
1603,0.15663622081504902
1604,0.15744006259294274
1605,0.1549073893708712
1606,0.11097542966631296
1607,0.1098181674545598
1608,0.15706307882147266
1609,0.14812442501471146
1610,0.1555931087027893
1611,0.15526397852800472
1612,0.14651468277199212
1613,0.14215770248160192
1614,0.1417159601177256
1615,0.15884991188119033
1616,0.15696793150825264
1617,0.15938100811743106
1618,0.15903487816158401
1619,0.15441716657487653
1620,0.11022659280566023
1621,0.14417858437836786
1622,0.1599084541141594
1623,0.16455182460522585
1624,0.16210389608042036
1625,0.15698648569153267
1626,0.15983342469420644
1627,0.16646570491286458
1628,0.14251065606686406
1629,0.15162950830989208
1630,0.16831832614378126
1631,0.16714059044539128
1632,0.15684659972727524
1633,0.16265882462362916
1634,0.16096554643984484
1635,0.16144930414475625
1636,0.15650402185322929
1637,0.15837706371472365
1638,0.165655586862771
1639,0.1666322359653489
1640,0.1426707071577867
1641,0.15703136278368138
1642,0.15723752073314587
1643,0.1677720260460338
1644,0.15433745000773094
1645,0.16131143153212496
1646,0.1418725845469016
1647,0.16187518798047168
1648,0.16076499766980015
1649,0.16554304689636987
1650,0.15606277832769824
1651,0.15616939349182155
1652,0.1581928058139925
1653,0.14669265757306185
1654,0.15874686930930598
1655,0.15647345166338594
1656,0.1478528329900416
1657,0.11152902615320176
1658,0.1495177731167976
1659,0.1612628910404121
1660,0.1588053096052841
1661,0.1593668216638688
1662,0.16087867161336195
1663,0.1549839098920066
1664,0.1111951341659868
1665,0.1543930670658201
1666,0.16207559584444012
1667,0.15602814871525206
1668,0.10875959468735644
1669,0.15463396514809094
1670,0.14901629651160248
1671,0.1603531448112176
1672,0.15784644502988035
1673,0.14732036100805754
1674,0.15725723176035009
1675,0.11105315423827576
1676,0.1560260543145725
1677,0.16525585523752914
1678,0.16064034418598866
1679,0.15544247420718565
1680,0.15904142074954206
1681,0.14374331589295905
1682,0.1477129912208722
1683,0.15961678205874408
1684,0.15987406598902015
1685,0.15745683383620948
1686,0.15663458014704054
1687,0.15751323760781094
1688,0.15787178134980362
1689,0.14692912847585252
1690,0.15874083499658684
1691,0.15502132126166154
1692,0.16017665538881234
1693,0.14447327841119645
1694,0.15888294496961045
1695,0.14700654415585998
1696,0.15592018360950055
1697,0.1487902064844045
1698,0.15509572585306114
1699,0.15610017409756152
1700,0.16131632291556447
1701,0.15869932552478153
1702,0.1590816525171312
1703,0.16278711248259606
1704,0.14692962939862722
1705,0.157184300759556
1706,0.11156193374206233
1707,0.15807976625590606
1708,0.16424097155889614
1709,0.15972148671427053
1710,0.15902153810655
1711,0.11136421161332033
1712,0.14328501741207472
1713,0.14794014832949026
1714,0.10672713898498204
1715,0.15594881043789094
1716,0.14570527926994015
1717,0.1615147670310636
1718,0.16757355987289332
1719,0.15628824890790896
1720,0.16049810938462275
1721,0.15499733814316627
1722,0.15912206353323438
1723,0.1643368120423794
1724,0.15825698962906595
1725,0.16713551893883336
1726,0.15736585300537315
1727,0.1200793202545666
1728,0.15742297699914903
1729,0.15718512922553596
1730,0.1475473040212537
1731,0.1622242860569095
1732,0.1572393554021458
1733,0.1595178128404114
1734,0.144027150678046
1735,0.155839187575313
1736,0.1618789034972658
1737,0.1480774587964843
1738,0.1534170008679506
1739,0.1122367341897837
1740,0.14275016469780066
1741,0.15688191189074133
1742,0.16336842794320258
1743,0.15967407016769647
1744,0.1618058432090454
1745,0.1610429322985149
1746,0.1585184361124453
1747,0.15678967826104973
1748,0.15734866706583972
1749,0.15497179806640193
1750,0.16019867396453905
1751,0.16378373449009845
1752,0.15442816867805698
1753,0.15653227420559507
1754,0.1595984518977189
1755,0.11113394908681898
1756,0.15748971719762755
1757,0.1478724821226637
1758,0.15724659623558074
1759,0.14782645276360298
1760,0.16196614090154493
1761,0.15797860772266095
1762,0.1544182366585974
1763,0.1613860203098461
1764,0.15895977700068228
1765,0.16331968052123413
1766,0.15906382539727235
1767,0.15393014068697597
1768,0.16032009949900494
1769,0.14853951829134496
1770,0.15574582432897818
1771,0.15673184311599514
1772,0.16056610654878653
1773,0.16580846559472906
1774,0.15663130685683244
1775,0.16320439817232882
1776,0.16107768554057314
1777,0.16676142015734505
1778,0.1675658060237077
1779,0.15754877726378366
1780,0.17113842076007732
1781,0.15809434789896726
1782,0.15748929629183595
1783,0.16020480415219165
1784,0.1433308727562906
1785,0.15569941381660615
1786,0.16270594826168755
1787,0.15955874094300446
1788,0.16734952148059648
1789,0.1545379128434329
1790,0.1620801327053725
1791,0.16092042257634526
1792,0.14658475608008534
1793,0.15757918633596088
1794,0.1614873221178185
1795,0.15913188917221904
1796,0.16186572906390198
1797,0.1642978085658623
1798,0.16194090038786338
1799,0.15653695145872665
1800,0.16020995974322727
1801,0.1115288068027549
1802,0.15667481364832286
1803,0.15650505677224769
1804,0.14492274872317787
1805,0.15714960013435694
1806,0.10856031146980367
1807,0.15992032283020546
1808,0.1583373889638064
1809,0.16479515617376486
1810,0.10780708911990934
1811,0.15507562613590198
1812,0.15411781401424507
1813,0.15638699244251672
1814,0.1440619558341901
1815,0.1512422554406502
1816,0.15835475545110808
1817,0.15611484615229165
1818,0.15491365360471812
1819,0.16752816090756195
1820,0.162167356796985
1821,0.16393210769023134
1822,0.11208615572976066
1823,0.1539048561090621
1824,0.1471782065982456
1825,0.1469436341619822
1826,0.16558397221062265
1827,0.16311440837379168
1828,0.11097645040539507
1829,0.1544595818015707
1830,0.15608362795514735
1831,0.1604005226730196
1832,0.1626514490577746
1833,0.15430012996507492
1834,0.16229486175990399
1835,0.15147602755220838
1836,0.16050716954131627
1837,0.15755608758851838
1838,0.1555686940255443
1839,0.15750126314050106
1840,0.1587832391422692
1841,0.1576200790331371
1842,0.16217861452999455
1843,0.1564372604731396
1844,0.16181020572301655
1845,0.16497670255384222
1846,0.15946016792320586
1847,0.14642918396302254
1848,0.15654515485694653
1849,0.16316588302886267
1850,0.16666357782672486
1851,0.1585506647294608
1852,0.16626914766664375
1853,0.16296535149614294
1854,0.15623438773325313
1855,0.11086598244184767
1856,0.14763084234168733
1857,0.15617896844811555
1858,0.16405776927861393
1859,0.16738730184609465
1860,0.16200645352439386
1861,0.15883589743043186
1862,0.16298554340883648
1863,0.16314748969184367
1864,0.15607122741246118
1865,0.15921564098138885
1866,0.153895961451289
1867,0.15769687845829944
1868,0.15946305166623986
1869,0.14627556884477375
1870,0.14472053086542894
1871,0.14668995642973934
1872,0.15611814586159256
1873,0.15743418648706092
1874,0.14600563106358047
1875,0.16112614760636929
1876,0.15563562224989036
1877,0.164261573116281
1878,0.1637302989694105
1879,0.14646668354657472
1880,0.16811343736206488
1881,0.1513171622807742
1882,0.15981364921717833
1883,0.16161043461802482
1884,0.15978615319892214
1885,0.16024202483763564
1886,0.15971539361939086
1887,0.15629247944102653
1888,0.15507242749987898
1889,0.14568084486468175
1890,0.1596421890634508
1891,0.14509527897354665
1892,0.16028713299502845
1893,0.1557057426315018
1894,0.14472646789381202
1895,0.10667460909577824
1896,0.15435542345525552
1897,0.15396162640847946
1898,0.1544355473570507
1899,0.1610665391903572
1900,0.15986666190271626
1901,0.1736950895319939
1902,0.1604262630374282
1903,0.16048454531379386
1904,0.14181967414430693
1905,0.15804218128132194
1906,0.14721233184999633
1907,0.1509968809191735
1908,0.16048211288096598
1909,0.15559099720749625
1910,0.16444716948684016
1911,0.1565965318672884
1912,0.1602893510551352
1913,0.1573858139121333
1914,0.1569140858449476
1915,0.1649942636263891
1916,0.11023067009816699
1917,0.1674264103427524
1918,0.16112805105089106
1919,0.11107910152640464
1920,0.15548067743341856
1921,0.15771664526517026
1922,0.1603484204426314
1923,0.1597851616392036
1924,0.11160580174925508
1925,0.15871991227842325
1926,0.15077453824469916
1927,0.14827666353595104
1928,0.1592503690693613
1929,0.15847946155032178
1930,0.11113305903869976
1931,0.16260080457720724
1932,0.15664096822332654
1933,0.15614914555508178
1934,0.15583676221319692
1935,0.15476229860875199
1936,0.16256466037374198
1937,0.1586949927262273
1938,0.15635447118187906
1939,0.1572438766277429
1940,0.1465685148240623
1941,0.15763962846708748
1942,0.15871572735159484
1943,0.16311204736306412
1944,0.1598054705010359
1945,0.14607948086519554
1946,0.15805370302600008
1947,0.16059270058409478
1948,0.1475606451215053
1949,0.1575978144833597
1950,0.16012331967054516
1951,0.1606355627278558
1952,0.14550507314131408
1953,0.15488267006512202
1954,0.1591468642519123
1955,0.14556345661177206
1956,0.15650703858440776
1957,0.14547135410980416
1958,0.15513823821037726
1959,0.1588846225812283
1960,0.15578588679630045
1961,0.15493067484965278
1962,0.15545191821987567
1963,0.11259081160401847
1964,0.16404083185605325
1965,0.16867495280823355
1966,0.15852354808019692
1967,0.15806853425454606
1968,0.14151246525506633
1969,0.16040910231795724
1970,0.15412319964133225
1971,0.16075222239432455
1972,0.1108566539245918
1973,0.1114100228939332
1974,0.15696541949640327
1975,0.1423678061026441
1976,0.1619887068799694
1977,0.17176011374233996
1978,0.14331174024352286
1979,0.15952287376792748
1980,0.14433079089987216
1981,0.15519053891740098
1982,0.16385594048883154
1983,0.15570469946344928
1984,0.15798182528868274
1985,0.15385683427102306
1986,0.15516036594517255
1987,0.14161131088013007
1988,0.16217526401114934
1989,0.15426089269767512
1990,0.1553414034508279
1991,0.15587325467996488
1992,0.1743492369749177
1993,0.15721380706280308
1994,0.16564978551372495
1995,0.11102926172342374
1996,0.15809743672671964
1997,0.10939093439896537
1998,0.166351381418276
1999,0.14689158832908514
2000,0.16219592988056147
